{"cameraMode":{"drawMode":0,"name":"Shaded","section":"Shading Mode"},"sceneLighting":true,"audioPlay":false,"sceneViewState":{"showFog":true,"showMaterialUpdate":false,"showSkybox":false,"showFlares":true,"showImageEffects":true,"showParticleSystems":true},"in2DMode":false,"pivot":{"x":1.1259056329727173,"y":-0.7097389698028565,"z":-13.406535148620606},"rotation":{"x":-0.002338980557397008,"y":-0.9973222017288208,"z":0.06322522461414337,"w":-0.037126172333955768},"size":8.62200927734375,"orthographic":false}