{"cameraMode":{"drawMode":0,"name":"Shaded","section":"Shading Mode"},"sceneLighting":false,"audioPlay":false,"sceneViewState":{"showFog":true,"showMaterialUpdate":false,"showSkybox":false,"showFlares":true,"showImageEffects":true,"showParticleSystems":true},"in2DMode":false,"pivot":{"x":-0.12891875207424165,"y":0.43306010961532595,"z":0.9695547223091126},"rotation":{"x":-0.0456262081861496,"y":-0.9526944160461426,"z":0.23069651424884797,"w":-0.19414010643959046},"size":0.008838719688355923,"orthographic":false}