{"cameraMode":{"drawMode":0,"name":"Shaded","section":"Shading Mode"},"sceneLighting":true,"audioPlay":false,"sceneViewState":{"showFog":true,"showMaterialUpdate":false,"showSkybox":false,"showFlares":true,"showImageEffects":true,"showParticleSystems":true},"in2DMode":false,"pivot":{"x":-4.26934814453125,"y":18.84534454345703,"z":10.853874206542969},"rotation":{"x":-0.10646567493677139,"y":-0.5859505534172058,"z":0.0830695629119873,"w":-0.7997837066650391},"size":63.99307632446289,"orthographic":false}