{"cameraMode":{"drawMode":0,"name":"Shaded","section":"Shading Mode"},"sceneLighting":false,"audioPlay":false,"sceneViewState":{"showFog":true,"showMaterialUpdate":false,"showSkybox":false,"showFlares":true,"showImageEffects":true,"showParticleSystems":true},"in2DMode":false,"pivot":{"x":9.0145845413208,"y":73.58433532714844,"z":138.63876342773438},"rotation":{"x":0.006687013432383537,"y":-0.9714080095291138,"z":0.23800812661647798,"w":0.021267356351017953},"size":4.427121639251709,"orthographic":false}