{"cameraMode":{"drawMode":0,"name":"Shaded","section":"Shading Mode"},"sceneLighting":false,"audioPlay":false,"sceneViewState":{"showFog":true,"showMaterialUpdate":false,"showSkybox":false,"showFlares":true,"showImageEffects":true,"showParticleSystems":true},"in2DMode":false,"pivot":{"x":-0.5824671983718872,"y":3.2189247608184816,"z":4.099223613739014},"rotation":{"x":0.006766709499061108,"y":0.9564917683601379,"z":-0.2915509045124054,"w":0.028636539354920389},"size":1.3684356212615967,"orthographic":false}