{"cameraMode":{"drawMode":0,"name":"Shaded","section":"Shading Mode"},"sceneLighting":false,"audioPlay":false,"sceneViewState":{"showFog":true,"showMaterialUpdate":false,"showSkybox":false,"showFlares":true,"showImageEffects":true,"showParticleSystems":true},"in2DMode":false,"pivot":{"x":-0.07909951359033585,"y":0.33351874351501467,"z":0.9418377876281738},"rotation":{"x":-0.04413832724094391,"y":-0.2650240361690521,"z":-0.013687394559383393,"w":0.9634548425674439},"size":0.4894300401210785,"orthographic":false}