{"cameraMode":{"drawMode":0,"name":"Shaded","section":"Shading Mode"},"sceneLighting":true,"audioPlay":false,"sceneViewState":{"showFog":true,"showMaterialUpdate":false,"showSkybox":false,"showFlares":true,"showImageEffects":true,"showParticleSystems":true},"in2DMode":false,"pivot":{"x":0.030976295471191407,"y":6.476025581359863,"z":3.206000328063965},"rotation":{"x":-0.00022472695854958147,"y":0.9982940554618836,"z":-0.06178377941250801,"w":-0.0015014423988759518},"size":12.12435531616211,"orthographic":false}