{"cameraMode":{"drawMode":0,"name":"Shaded","section":"Shading Mode"},"sceneLighting":false,"audioPlay":false,"sceneViewState":{"showFog":true,"showMaterialUpdate":false,"showSkybox":false,"showFlares":true,"showImageEffects":true,"showParticleSystems":true},"in2DMode":false,"pivot":{"x":-0.08967947959899903,"y":0.46400004625320437,"z":-2.6540002822875978},"rotation":{"x":-0.00022472695854958147,"y":0.9982940554618836,"z":-0.06178377941250801,"w":-0.0015014423988759518},"size":3.6596028804779054,"orthographic":false}